,CV,COV
0,$\phi_3$,0.2949354720893324
1,$\psi_3$,1.240568516095174
2,$\phi_2$,3.0
