,bias_deposition_rate,COV
0,1000.0,1.1630548665677176
1,10000.0,1.4438716476039217
2,2000.0,1.2940903236783212
3,20.0,0.804700961390617
4,200.0,0.9333220027304182
5,50.0,0.8295734063593299
6,0.0,1.0528675270286925
7,5000.0,1.4101898887146487
8,100.0,0.864294859616141
9,500.0,1.0340943071551345
10,1.0,0.9599713042594088
11,2.0,0.916734280217422
12,5.0,0.8532321689772868
13,10.0,0.8251229563602966
