,resetting_rate,speedup
0,1.0,1.36223341747011
1,2.0,1.611273107916906
2,5.0,2.2424046614286874
3,10.0,2.892705552044705
4,20.0,3.4911311556406255
5,50.0,4.094714415657196
6,100.0,3.848694945764696
7,200.0,3.152851451220719
8,333.3333333333333,2.0548329250369224
9,500.0,1.3470080638610995
